,location,date,total_cases,new_cases,total_deaths,new_deaths
113204,United States,2020-01-22,1.0,0.0,0.0,0.0
113205,United States,2020-01-23,1.0,0.0,0.0,0.0
113206,United States,2020-01-24,2.0,1.0,0.0,0.0
113207,United States,2020-01-25,2.0,0.0,0.0,0.0
113208,United States,2020-01-26,5.0,3.0,0.0,0.0
113209,United States,2020-01-27,5.0,0.0,0.0,0.0
113210,United States,2020-01-28,5.0,0.0,0.0,0.0
113211,United States,2020-01-29,6.0,1.0,0.0,0.0
113212,United States,2020-01-30,6.0,0.0,0.0,0.0
113213,United States,2020-01-31,8.0,2.0,0.0,0.0
113214,United States,2020-02-01,8.0,0.0,0.0,0.0
113215,United States,2020-02-02,8.0,0.0,0.0,0.0
113216,United States,2020-02-03,11.0,3.0,0.0,0.0
113217,United States,2020-02-04,11.0,0.0,0.0,0.0
113218,United States,2020-02-05,11.0,0.0,0.0,0.0
113219,United States,2020-02-06,12.0,1.0,0.0,0.0
113220,United States,2020-02-07,12.0,0.0,0.0,0.0
113221,United States,2020-02-08,12.0,0.0,0.0,0.0
113222,United States,2020-02-09,12.0,0.0,0.0,0.0
113223,United States,2020-02-10,12.0,0.0,0.0,0.0
113224,United States,2020-02-11,13.0,1.0,0.0,0.0
113225,United States,2020-02-12,13.0,0.0,0.0,0.0
113226,United States,2020-02-13,14.0,1.0,0.0,0.0
113227,United States,2020-02-14,14.0,0.0,0.0,0.0
113228,United States,2020-02-15,14.0,0.0,0.0,0.0
113229,United States,2020-02-16,14.0,0.0,0.0,0.0
113230,United States,2020-02-17,14.0,0.0,0.0,0.0
113231,United States,2020-02-18,14.0,0.0,0.0,0.0
113232,United States,2020-02-19,14.0,0.0,0.0,0.0
113233,United States,2020-02-20,14.0,0.0,0.0,0.0
113234,United States,2020-02-21,16.0,2.0,0.0,0.0
113235,United States,2020-02-22,16.0,0.0,0.0,0.0
113236,United States,2020-02-23,16.0,0.0,0.0,0.0
113237,United States,2020-02-24,16.0,0.0,0.0,0.0
113238,United States,2020-02-25,16.0,0.0,0.0,0.0
113239,United States,2020-02-26,16.0,0.0,0.0,0.0
113240,United States,2020-02-27,17.0,1.0,0.0,0.0
113241,United States,2020-02-28,17.0,0.0,0.0,0.0
113242,United States,2020-02-29,25.0,8.0,1.0,1.0
113243,United States,2020-03-01,32.0,7.0,1.0,0.0
113244,United States,2020-03-02,55.0,23.0,6.0,5.0
113245,United States,2020-03-03,74.0,19.0,7.0,1.0
113246,United States,2020-03-04,107.0,33.0,11.0,4.0
113247,United States,2020-03-05,184.0,77.0,12.0,1.0
113248,United States,2020-03-06,237.0,53.0,14.0,2.0
113249,United States,2020-03-07,403.0,166.0,17.0,3.0
113250,United States,2020-03-08,519.0,116.0,21.0,4.0
113251,United States,2020-03-09,594.0,75.0,22.0,1.0
113252,United States,2020-03-10,782.0,188.0,28.0,6.0
113253,United States,2020-03-11,1147.0,365.0,33.0,5.0
113254,United States,2020-03-12,1586.0,439.0,43.0,10.0
113255,United States,2020-03-13,2219.0,633.0,51.0,8.0
113256,United States,2020-03-14,2978.0,759.0,58.0,7.0
113257,United States,2020-03-15,3212.0,234.0,70.0,12.0
113258,United States,2020-03-16,4679.0,1467.0,97.0,27.0
113259,United States,2020-03-17,6512.0,1833.0,134.0,37.0
113260,United States,2020-03-18,9169.0,2657.0,194.0,60.0
113261,United States,2020-03-19,13663.0,4494.0,266.0,72.0
113262,United States,2020-03-20,20030.0,6367.0,372.0,106.0
113263,United States,2020-03-21,26025.0,5995.0,475.0,103.0
113264,United States,2020-03-22,34944.0,8919.0,603.0,128.0
113265,United States,2020-03-23,46096.0,11152.0,792.0,189.0
113266,United States,2020-03-24,56714.0,10618.0,1033.0,241.0
113267,United States,2020-03-25,68841.0,12127.0,1369.0,336.0
113268,United States,2020-03-26,86662.0,17821.0,1785.0,416.0
113269,United States,2020-03-27,105253.0,18591.0,2304.0,519.0
113270,United States,2020-03-28,127417.0,22164.0,2977.0,673.0
113271,United States,2020-03-29,143544.0,16127.0,3569.0,592.0
113272,United States,2020-03-30,165698.0,22154.0,4280.0,711.0
113273,United States,2020-03-31,192079.0,26381.0,5362.0,1082.0
113274,United States,2020-04-01,224281.0,32202.0,6636.0,1274.0
113275,United States,2020-04-02,256626.0,32345.0,8151.0,1515.0
113276,United States,2020-04-03,288993.0,32367.0,9558.0,1407.0
113277,United States,2020-04-04,321379.0,32386.0,11167.0,1609.0
113278,United States,2020-04-05,350713.0,29334.0,12799.0,1632.0
113279,United States,2020-04-06,382646.0,31933.0,14536.0,1737.0
113280,United States,2020-04-07,413222.0,30576.0,17106.0,2570.0
113281,United States,2020-04-08,444341.0,31119.0,19260.0,2154.0
113282,United States,2020-04-09,480413.0,36072.0,21475.0,2215.0
113283,United States,2020-04-10,514690.0,34277.0,23663.0,2188.0
113284,United States,2020-04-11,543878.0,29188.0,25801.0,2138.0
113285,United States,2020-04-12,570812.0,26934.0,27693.0,1892.0
113286,United States,2020-04-13,597803.0,26991.0,29675.0,1982.0
113287,United States,2020-04-14,626217.0,28414.0,32128.0,2453.0
113288,United States,2020-04-15,652179.0,25962.0,34719.0,2591.0
113289,United States,2020-04-16,682442.0,30263.0,36917.0,2198.0
113290,United States,2020-04-17,715446.0,33004.0,39030.0,2113.0
113291,United States,2020-04-18,743379.0,27933.0,40970.0,1940.0
113292,United States,2020-04-19,769251.0,25872.0,42959.0,1989.0
113293,United States,2020-04-20,799039.0,29788.0,45203.0,2244.0
113294,United States,2020-04-21,825257.0,26218.0,47662.0,2459.0
113295,United States,2020-04-22,854328.0,29071.0,50135.0,2473.0
113296,United States,2020-04-23,887581.0,33253.0,52570.0,2435.0
113297,United States,2020-04-24,919920.0,32339.0,54748.0,2178.0
113298,United States,2020-04-25,950298.0,30378.0,56472.0,1724.0
113299,United States,2020-04-26,976871.0,26573.0,57885.0,1413.0
113300,United States,2020-04-27,1000666.0,23795.0,59380.0,1495.0
113301,United States,2020-04-28,1025354.0,24688.0,61608.0,2228.0
113302,United States,2020-04-29,1051785.0,26431.0,64006.0,2398.0
113303,United States,2020-04-30,1080942.0,29157.0,66187.0,2181.0
113304,United States,2020-05-01,1115844.0,34902.0,68098.0,1911.0
113305,United States,2020-05-02,1143248.0,27404.0,69833.0,1735.0
113306,United States,2020-05-03,1167577.0,24329.0,71032.0,1199.0
113307,United States,2020-05-04,1191815.0,24238.0,72409.0,1377.0
113308,United States,2020-05-05,1216263.0,24448.0,74616.0,2207.0
113309,United States,2020-05-06,1240643.0,24380.0,76937.0,2321.0
113310,United States,2020-05-07,1268262.0,27619.0,78856.0,1919.0
113311,United States,2020-05-08,1295396.0,27134.0,80615.0,1759.0
113312,United States,2020-05-09,1320096.0,24700.0,82084.0,1469.0
113313,United States,2020-05-10,1339110.0,19014.0,83075.0,991.0
113314,United States,2020-05-11,1358249.0,19139.0,84112.0,1037.0
113315,United States,2020-05-12,1381136.0,22887.0,85709.0,1597.0
113316,United States,2020-05-13,1401652.0,20516.0,87432.0,1723.0
113317,United States,2020-05-14,1428388.0,26736.0,89207.0,1775.0
113318,United States,2020-05-15,1453085.0,24697.0,90872.0,1665.0
113319,United States,2020-05-16,1477370.0,24285.0,92073.0,1201.0
113320,United States,2020-05-17,1496009.0,18639.0,92902.0,829.0
113321,United States,2020-05-18,1518223.0,22214.0,94130.0,1228.0
113322,United States,2020-05-19,1539142.0,20919.0,95582.0,1452.0
113323,United States,2020-05-20,1561937.0,22795.0,97081.0,1499.0
113324,United States,2020-05-21,1587724.0,25787.0,98268.0,1187.0
113325,United States,2020-05-22,1611384.0,23660.0,99493.0,1225.0
113326,United States,2020-05-23,1632503.0,21119.0,100573.0,1080.0
113327,United States,2020-05-24,1652809.0,20306.0,101213.0,640.0
113328,United States,2020-05-25,1671297.0,18488.0,101811.0,598.0
113329,United States,2020-05-26,1690281.0,18984.0,102489.0,678.0
113330,United States,2020-05-27,1709756.0,19475.0,103942.0,1453.0
113331,United States,2020-05-28,1731479.0,21723.0,105035.0,1093.0
113332,United States,2020-05-29,1756127.0,24648.0,106161.0,1126.0
113333,United States,2020-05-30,1780340.0,24213.0,107115.0,954.0
113334,United States,2020-05-31,1799674.0,19334.0,107733.0,618.0
113335,United States,2020-06-01,1816679.0,17005.0,108501.0,768.0
113336,United States,2020-06-02,1837948.0,21269.0,109482.0,981.0
113337,United States,2020-06-03,1857728.0,19780.0,110489.0,1007.0
113338,United States,2020-06-04,1879463.0,21735.0,111487.0,998.0
113339,United States,2020-06-05,1904375.0,24912.0,112376.0,889.0
113340,United States,2020-06-06,1925849.0,21474.0,113018.0,642.0
113341,United States,2020-06-07,1944117.0,18268.0,113478.0,460.0
113342,United States,2020-06-08,1960815.0,16698.0,113986.0,508.0
113343,United States,2020-06-09,1978823.0,18008.0,114894.0,908.0
113344,United States,2020-06-10,2000019.0,21196.0,115771.0,877.0
113345,United States,2020-06-11,2022421.0,22402.0,116597.0,826.0
113346,United States,2020-06-12,2047570.0,25149.0,117424.0,827.0
113347,United States,2020-06-13,2072696.0,25126.0,118163.0,739.0
113348,United States,2020-06-14,2092027.0,19331.0,118507.0,344.0
113349,United States,2020-06-15,2110610.0,18583.0,118905.0,398.0
113350,United States,2020-06-16,2134511.0,23901.0,119715.0,810.0
113351,United States,2020-06-17,2161726.0,27215.0,120454.0,739.0
113352,United States,2020-06-18,2190127.0,28401.0,121145.0,691.0
113353,United States,2020-06-19,2221812.0,31685.0,121774.0,629.0
113354,United States,2020-06-20,2254346.0,32534.0,122330.0,556.0
113355,United States,2020-06-21,2280413.0,26067.0,122650.0,320.0
113356,United States,2020-06-22,2311569.0,31156.0,123056.0,406.0
113357,United States,2020-06-23,2348835.0,37266.0,123804.0,748.0
113358,United States,2020-06-24,2385047.0,36212.0,124541.0,737.0
113359,United States,2020-06-25,2425307.0,40260.0,125079.0,538.0
113360,United States,2020-06-26,2471626.0,46319.0,125707.0,628.0
113361,United States,2020-06-27,2513324.0,41698.0,126214.0,507.0
113362,United States,2020-06-28,2555120.0,41796.0,126530.0,316.0
113363,United States,2020-06-29,2594820.0,39700.0,126916.0,386.0
113364,United States,2020-06-30,2643189.0,48369.0,127471.0,555.0
113365,United States,2020-07-01,2694755.0,51566.0,128171.0,700.0
113366,United States,2020-07-02,2751125.0,56370.0,128881.0,710.0
113367,United States,2020-07-03,2803742.0,52617.0,129551.0,670.0
113368,United States,2020-07-04,2852097.0,48355.0,129866.0,315.0
113369,United States,2020-07-05,2902901.0,50804.0,130192.0,326.0
113370,United States,2020-07-06,2945635.0,42734.0,130569.0,377.0
113371,United States,2020-07-07,3004763.0,59128.0,131728.0,1159.0
113372,United States,2020-07-08,3064408.0,59645.0,132550.0,822.0
113373,United States,2020-07-09,3125361.0,60953.0,133569.0,1019.0
113374,United States,2020-07-10,3193162.0,67801.0,134383.0,814.0
113375,United States,2020-07-11,3254420.0,61258.0,135112.0,729.0
113376,United States,2020-07-12,3314447.0,60027.0,135584.0,472.0
113377,United States,2020-07-13,3372312.0,57865.0,136031.0,447.0
113378,United States,2020-07-14,3439203.0,66891.0,136946.0,915.0
113379,United States,2020-07-15,3507141.0,67938.0,137927.0,981.0
113380,United States,2020-07-16,3583185.0,76044.0,138879.0,952.0
113381,United States,2020-07-17,3654728.0,71543.0,139803.0,924.0
113382,United States,2020-07-18,3719067.0,64339.0,140660.0,857.0
113383,United States,2020-07-19,3780322.0,61255.0,141145.0,485.0
113384,United States,2020-07-20,3840822.0,60500.0,141707.0,562.0
113385,United States,2020-07-21,3906368.0,65546.0,142792.0,1085.0
113386,United States,2020-07-22,3976745.0,70377.0,144015.0,1223.0
113387,United States,2020-07-23,4045477.0,68732.0,145083.0,1068.0
113388,United States,2020-07-24,4119112.0,73635.0,146187.0,1104.0
113389,United States,2020-07-25,4185260.0,66148.0,147119.0,932.0
113390,United States,2020-07-26,4241586.0,56326.0,147650.0,531.0
113391,United States,2020-07-27,4298445.0,56859.0,148777.0,1127.0
113392,United States,2020-07-28,4361583.0,63138.0,150108.0,1331.0
113393,United States,2020-07-29,4430543.0,68960.0,151516.0,1408.0
113394,United States,2020-07-30,4498482.0,67939.0,152752.0,1236.0
113395,United States,2020-07-31,4566896.0,68414.0,153989.0,1237.0
113396,United States,2020-08-01,4625292.0,58396.0,155076.0,1087.0
113397,United States,2020-08-02,4671746.0,46454.0,155514.0,438.0
113398,United States,2020-08-03,4716929.0,45183.0,156097.0,583.0
113399,United States,2020-08-04,4772199.0,55270.0,157381.0,1284.0
113400,United States,2020-08-05,4827723.0,55524.0,158821.0,1440.0
113401,United States,2020-08-06,4885263.0,57540.0,160058.0,1237.0
113402,United States,2020-08-07,4945685.0,60422.0,161301.0,1243.0
113403,United States,2020-08-08,5000792.0,55107.0,162371.0,1070.0
113404,United States,2020-08-09,5048938.0,48146.0,162892.0,521.0
113405,United States,2020-08-10,5094835.0,45897.0,163526.0,634.0
113406,United States,2020-08-11,5147207.0,52372.0,164550.0,1024.0
113407,United States,2020-08-12,5199936.0,52729.0,166054.0,1504.0
113408,United States,2020-08-13,5251365.0,51429.0,167118.0,1064.0
113409,United States,2020-08-14,5316663.0,65298.0,168455.0,1337.0
113410,United States,2020-08-15,5366010.0,49347.0,169455.0,1000.0
113411,United States,2020-08-16,5405920.0,39910.0,170070.0,615.0
113412,United States,2020-08-17,5441722.0,35802.0,170563.0,493.0
113413,United States,2020-08-18,5484630.0,42908.0,171790.0,1227.0
113414,United States,2020-08-19,5529064.0,44434.0,173125.0,1335.0
113415,United States,2020-08-20,5573641.0,44577.0,174230.0,1105.0
113416,United States,2020-08-21,5622409.0,48768.0,175313.0,1083.0
113417,United States,2020-08-22,5666754.0,44345.0,176222.0,909.0
113418,United States,2020-08-23,5701239.0,34485.0,176768.0,546.0
113419,United States,2020-08-24,5736144.0,34905.0,177244.0,476.0
113420,United States,2020-08-25,5776999.0,40855.0,178467.0,1223.0
113421,United States,2020-08-26,5820948.0,43949.0,179630.0,1163.0
113422,United States,2020-08-27,5866912.0,45964.0,180743.0,1113.0
113423,United States,2020-08-28,5913423.0,46511.0,181718.0,975.0
113424,United States,2020-08-29,5957630.0,44207.0,182634.0,916.0
113425,United States,2020-08-30,5992432.0,34802.0,183075.0,441.0
113426,United States,2020-08-31,6025135.0,32703.0,183617.0,542.0
113427,United States,2020-09-01,6067948.0,42813.0,184644.0,1027.0
113428,United States,2020-09-02,6108638.0,40690.0,185717.0,1073.0
113429,United States,2020-09-03,6152971.0,44333.0,186747.0,1030.0
113430,United States,2020-09-04,6203642.0,50671.0,187704.0,957.0
113431,United States,2020-09-05,6247029.0,43387.0,188461.0,757.0
113432,United States,2020-09-06,6278003.0,30974.0,188930.0,469.0
113433,United States,2020-09-07,6301845.0,23842.0,189244.0,314.0
113434,United States,2020-09-08,6327471.0,25626.0,189701.0,457.0
113435,United States,2020-09-09,6362071.0,34600.0,190860.0,1159.0
113436,United States,2020-09-10,6398010.0,35939.0,191782.0,922.0
113437,United States,2020-09-11,6445977.0,47967.0,192936.0,1154.0
113438,United States,2020-09-12,6487671.0,41694.0,193646.0,710.0
113439,United States,2020-09-13,6522113.0,34442.0,194074.0,428.0
113440,United States,2020-09-14,6555361.0,33248.0,194508.0,434.0
113441,United States,2020-09-15,6594823.0,39462.0,195707.0,1199.0
113442,United States,2020-09-16,6633729.0,38906.0,196664.0,957.0
113443,United States,2020-09-17,6678931.0,45202.0,197521.0,857.0
113444,United States,2020-09-18,6728074.0,49143.0,198410.0,889.0
113445,United States,2020-09-19,6770653.0,42579.0,199140.0,730.0
113446,United States,2020-09-20,6809531.0,38878.0,199407.0,267.0
113447,United States,2020-09-21,6860254.0,50723.0,199831.0,424.0
113448,United States,2020-09-22,6900324.0,40070.0,200859.0,1028.0
113449,United States,2020-09-23,6939235.0,38911.0,201921.0,1062.0
113450,United States,2020-09-24,6986604.0,47369.0,202819.0,898.0
113451,United States,2020-09-25,7034971.0,48367.0,203760.0,941.0
113452,United States,2020-09-26,7079902.0,44931.0,204529.0,769.0
113453,United States,2020-09-27,7117964.0,38062.0,204844.0,315.0
113454,United States,2020-09-28,7150631.0,32667.0,205200.0,356.0
113455,United States,2020-09-29,7194195.0,43564.0,206063.0,863.0
113456,United States,2020-09-30,7233295.0,39100.0,207017.0,954.0
113457,United States,2020-10-01,7279273.0,45978.0,207886.0,869.0
113458,United States,2020-10-02,7334419.0,55146.0,208740.0,854.0
113459,United States,2020-10-03,7383900.0,49481.0,209423.0,683.0
113460,United States,2020-10-04,7419443.0,35543.0,209797.0,374.0
113461,United States,2020-10-05,7457758.0,38315.0,210280.0,483.0
113462,United States,2020-10-06,7503142.0,45384.0,210965.0,685.0
113463,United States,2020-10-07,7554268.0,51126.0,211882.0,917.0
113464,United States,2020-10-08,7613292.0,59024.0,212873.0,991.0
113465,United States,2020-10-09,7669968.0,56676.0,213842.0,969.0
113466,United States,2020-10-10,7725457.0,55489.0,214501.0,659.0
113467,United States,2020-10-11,7772122.0,46665.0,214972.0,471.0
113468,United States,2020-10-12,7813699.0,41577.0,215371.0,399.0
113469,United States,2020-10-13,7865263.0,51564.0,216171.0,800.0
113470,United States,2020-10-14,7924558.0,59295.0,217158.0,987.0
113471,United States,2020-10-15,7989617.0,65059.0,217995.0,837.0
113472,United States,2020-10-16,8058747.0,69130.0,218939.0,944.0
113473,United States,2020-10-17,8116054.0,57307.0,219705.0,766.0
113474,United States,2020-10-18,8166862.0,50808.0,220196.0,491.0
113475,United States,2020-10-19,8233938.0,67076.0,220679.0,483.0
113476,United States,2020-10-20,8295639.0,61701.0,221604.0,925.0
113477,United States,2020-10-21,8358793.0,63154.0,222727.0,1123.0
113478,United States,2020-10-22,8434999.0,76206.0,223618.0,891.0
113479,United States,2020-10-23,8517524.0,82525.0,224581.0,963.0
113480,United States,2020-10-24,8600812.0,83288.0,225535.0,954.0
113481,United States,2020-10-25,8663124.0,62312.0,225996.0,461.0
113482,United States,2020-10-26,8729836.0,66712.0,226529.0,533.0
113483,United States,2020-10-27,8806859.0,77023.0,227501.0,972.0
113484,United States,2020-10-28,8886188.0,79329.0,228534.0,1033.0
113485,United States,2020-10-29,8977170.0,90982.0,229538.0,1004.0
113486,United States,2020-10-30,9077242.0,100072.0,230595.0,1057.0
113487,United States,2020-10-31,9167590.0,90348.0,231520.0,925.0
113488,United States,2020-11-01,9272791.0,105201.0,232027.0,507.0
113489,United States,2020-11-02,9356850.0,84059.0,232599.0,572.0
113490,United States,2020-11-03,9484595.0,127745.0,234177.0,1578.0
113491,United States,2020-11-04,9588709.0,104114.0,235284.0,1107.0
113492,United States,2020-11-05,9718598.0,129889.0,236449.0,1165.0
113493,United States,2020-11-06,9846477.0,127879.0,237674.0,1225.0
113494,United States,2020-11-07,9977782.0,131305.0,238764.0,1090.0
113495,United States,2020-11-08,10092545.0,114763.0,239338.0,574.0
113496,United States,2020-11-09,10211868.0,119323.0,240113.0,775.0
113497,United States,2020-11-10,10351885.0,140017.0,241529.0,1416.0
113498,United States,2020-11-11,10500011.0,148126.0,242964.0,1435.0
113499,United States,2020-11-12,10662969.0,162958.0,244173.0,1209.0
113500,United States,2020-11-13,10844000.0,181031.0,245373.0,1200.0
113501,United States,2020-11-14,11015054.0,171054.0,246720.0,1347.0
113502,United States,2020-11-15,11152068.0,137014.0,247500.0,780.0
113503,United States,2020-11-16,11312861.0,160793.0,248335.0,835.0
113504,United States,2020-11-17,11476642.0,163781.0,250046.0,1711.0
113505,United States,2020-11-18,11650161.0,173519.0,251961.0,1915.0
113506,United States,2020-11-19,11841883.0,191722.0,254015.0,2054.0
113507,United States,2020-11-20,12043074.0,201191.0,255975.0,1960.0
113508,United States,2020-11-21,12223937.0,180863.0,257598.0,1623.0
113509,United States,2020-11-22,12370159.0,146222.0,258636.0,1038.0
113510,United States,2020-11-23,12543334.0,173175.0,259737.0,1101.0
113511,United States,2020-11-24,12720663.0,177329.0,261868.0,2131.0
113512,United States,2020-11-25,12905306.0,184643.0,264128.0,2260.0
113513,United States,2020-11-26,13021522.0,116216.0,265515.0,1387.0
113514,United States,2020-11-27,13226463.0,204941.0,267069.0,1554.0
113515,United States,2020-11-28,13384084.0,157621.0,268435.0,1366.0
113516,United States,2020-11-29,13524499.0,140415.0,269477.0,1042.0
113517,United States,2020-11-30,13681239.0,156740.0,270821.0,1344.0
113518,United States,2020-12-01,13875082.0,193843.0,273366.0,2545.0
113519,United States,2020-12-02,14079229.0,204147.0,276184.0,2818.0
113520,United States,2020-12-03,14303737.0,224508.0,279121.0,2937.0
113521,United States,2020-12-04,14538454.0,234717.0,281818.0,2697.0
113522,United States,2020-12-05,14759175.0,220721.0,284182.0,2364.0
113523,United States,2020-12-06,14937762.0,178587.0,285545.0,1363.0
113524,United States,2020-12-07,15129305.0,191543.0,287145.0,1600.0
113525,United States,2020-12-08,15359820.0,230515.0,289766.0,2621.0
113526,United States,2020-12-09,15581357.0,221537.0,292947.0,3181.0
113527,United States,2020-12-10,15815596.0,234239.0,295941.0,2994.0
113528,United States,2020-12-11,16056311.0,240715.0,299348.0,3407.0
113529,United States,2020-12-12,16276370.0,220059.0,301826.0,2478.0
113530,United States,2020-12-13,16463239.0,186869.0,303463.0,1637.0
113531,United States,2020-12-14,16665179.0,201940.0,305113.0,1650.0
113532,United States,2020-12-15,16886654.0,221475.0,308199.0,3086.0
113533,United States,2020-12-16,17127092.0,240438.0,311877.0,3678.0
113534,United States,2020-12-17,17364626.0,237534.0,315379.0,3502.0
113535,United States,2020-12-18,17613112.0,248486.0,318345.0,2966.0
113536,United States,2020-12-19,17814255.0,201143.0,321024.0,2679.0
113537,United States,2020-12-20,17999563.0,185308.0,322756.0,1732.0
113538,United States,2020-12-21,18190848.0,191285.0,324656.0,1900.0
113539,United States,2020-12-22,18392076.0,201228.0,328055.0,3399.0
113540,United States,2020-12-23,18617486.0,225410.0,331478.0,3423.0
113541,United States,2020-12-24,18822720.0,205234.0,334374.0,2896.0
113542,United States,2020-12-25,18930699.0,107979.0,335832.0,1458.0
113543,United States,2020-12-26,19149204.0,218505.0,337723.0,1891.0
113544,United States,2020-12-27,19303681.0,154477.0,339160.0,1437.0
113545,United States,2020-12-28,19471648.0,167967.0,341162.0,2002.0
113546,United States,2020-12-29,19672874.0,201226.0,344781.0,3619.0
113547,United States,2020-12-30,19894624.0,221750.0,348573.0,3792.0
113548,United States,2020-12-31,20153428.0,258804.0,352001.0,3428.0
113549,United States,2021-01-01,20318106.0,164678.0,354137.0,2136.0
113550,United States,2021-01-02,20614563.0,296457.0,356694.0,2557.0
113551,United States,2021-01-03,20817633.0,203070.0,358151.0,1457.0
113552,United States,2021-01-04,21000300.0,182667.0,360245.0,2094.0
113553,United States,2021-01-05,21231527.0,231227.0,363935.0,3690.0
113554,United States,2021-01-06,21487847.0,256320.0,367828.0,3893.0
113555,United States,2021-01-07,21776508.0,288661.0,371832.0,4004.0
113556,United States,2021-01-08,22079515.0,303007.0,375930.0,4098.0
113557,United States,2021-01-09,22338613.0,259098.0,379236.0,3306.0
113558,United States,2021-01-10,22551317.0,212704.0,381254.0,2018.0
113559,United States,2021-01-11,22763346.0,212029.0,383353.0,2099.0
113560,United States,2021-01-12,22981755.0,218409.0,387813.0,4460.0
113561,United States,2021-01-13,23211253.0,229498.0,391807.0,3994.0
113562,United States,2021-01-14,23449883.0,238630.0,395774.0,3967.0
113563,United States,2021-01-15,23696155.0,246272.0,399686.0,3912.0
113564,United States,2021-01-16,23904243.0,208088.0,403105.0,3419.0
113565,United States,2021-01-17,24080596.0,176353.0,405006.0,1901.0
113566,United States,2021-01-18,24221355.0,140759.0,406566.0,1560.0
113567,United States,2021-01-19,24386773.0,165418.0,409273.0,2707.0
113568,United States,2021-01-20,24572066.0,185293.0,413686.0,4413.0
113569,United States,2021-01-21,24764065.0,191999.0,417872.0,4186.0
113570,United States,2021-01-22,24953423.0,189358.0,421695.0,3823.0
113571,United States,2021-01-23,25127654.0,174231.0,425070.0,3375.0
113572,United States,2021-01-24,25265250.0,137596.0,426935.0,1865.0
113573,United States,2021-01-25,25408156.0,142906.0,428909.0,1974.0
113574,United States,2021-01-26,25552502.0,144346.0,432932.0,4023.0
113575,United States,2021-01-27,25707796.0,155294.0,436878.0,3946.0
113576,United States,2021-01-28,25874373.0,166577.0,440891.0,4013.0
113577,United States,2021-01-29,26041144.0,166771.0,444535.0,3644.0
113578,United States,2021-01-30,26185853.0,144709.0,447332.0,2797.0
113579,United States,2021-01-31,26301008.0,115155.0,449195.0,1863.0
113580,United States,2021-02-01,26430620.0,129612.0,451276.0,2081.0
113581,United States,2021-02-02,26544850.0,114230.0,454696.0,3420.0
113582,United States,2021-02-03,26667920.0,123070.0,458578.0,3882.0
113583,United States,2021-02-04,26791861.0,123941.0,462325.0,3747.0
113584,United States,2021-02-05,26923153.0,131292.0,465990.0,3665.0
113585,United States,2021-02-06,27033896.0,110743.0,468676.0,2686.0
113586,United States,2021-02-07,27125386.0,91490.0,470117.0,1441.0
113587,United States,2021-02-08,27211308.0,85922.0,471731.0,1614.0
113588,United States,2021-02-09,27305500.0,94192.0,474780.0,3049.0
113589,United States,2021-02-10,27401371.0,95871.0,478085.0,3305.0
113590,United States,2021-02-11,27507503.0,106132.0,481299.0,3214.0
113591,United States,2021-02-12,27607306.0,99803.0,484229.0,2930.0
113592,United States,2021-02-13,27695894.0,88588.0,486427.0,2198.0
113593,United States,2021-02-14,27762209.0,66315.0,487599.0,1172.0
113594,United States,2021-02-15,27816671.0,54462.0,488562.0,963.0
113595,United States,2021-02-16,27875835.0,59164.0,490308.0,1746.0
113596,United States,2021-02-17,27945879.0,70044.0,492704.0,2396.0
113597,United States,2021-02-18,28017173.0,71294.0,495218.0,2514.0
113598,United States,2021-02-19,28095307.0,78134.0,497843.0,2625.0
113599,United States,2021-02-20,28168434.0,73127.0,499681.0,1838.0
113600,United States,2021-02-21,28226190.0,57756.0,500919.0,1238.0
113601,United States,2021-02-22,28281337.0,55147.0,502233.0,1314.0
113602,United States,2021-02-23,28353257.0,71920.0,504508.0,2275.0
113603,United States,2021-02-24,28428265.0,75008.0,507691.0,3183.0
113604,United States,2021-02-25,28506255.0,77990.0,510124.0,2433.0
113605,United States,2021-02-26,28583935.0,77680.0,512203.0,2079.0
113606,United States,2021-02-27,28649670.0,65735.0,513725.0,1522.0
113607,United States,2021-02-28,28701663.0,51993.0,514818.0,1093.0
113608,United States,2021-03-01,28757089.0,55426.0,516333.0,1515.0
113609,United States,2021-03-02,28814054.0,56965.0,518274.0,1941.0
113610,United States,2021-03-03,28881205.0,67151.0,520755.0,2481.0
113611,United States,2021-03-04,28949453.0,68248.0,522677.0,1922.0
113612,United States,2021-03-05,29016377.0,66924.0,524480.0,1803.0
113613,United States,2021-03-06,29075220.0,58843.0,525990.0,1510.0
113614,United States,2021-03-07,29117245.0,42025.0,526693.0,703.0
113615,United States,2021-03-08,29161899.0,44654.0,527429.0,736.0
113616,United States,2021-03-09,29217863.0,55964.0,529234.0,1805.0
113617,United States,2021-03-10,29276035.0,58172.0,530804.0,1570.0
113618,United States,2021-03-11,29338808.0,62773.0,532362.0,1558.0
113619,United States,2021-03-12,29400413.0,61605.0,533907.0,1545.0
113620,United States,2021-03-13,29453972.0,53559.0,534939.0,1032.0
113621,United States,2021-03-14,29492669.0,38697.0,535524.0,585.0
113622,United States,2021-03-15,29547912.0,55243.0,536272.0,748.0
113623,United States,2021-03-16,29602228.0,54316.0,537451.0,1179.0
113624,United States,2021-03-17,29661623.0,59395.0,538678.0,1227.0
113625,United States,2021-03-18,29721977.0,60354.0,540324.0,1646.0
113626,United States,2021-03-19,29783974.0,61997.0,541451.0,1127.0
113627,United States,2021-03-20,29840603.0,56629.0,542191.0,740.0
113628,United States,2021-03-21,29875211.0,34608.0,542679.0,488.0
113629,United States,2021-03-22,29925323.0,50112.0,543400.0,721.0
113630,United States,2021-03-23,29978717.0,53394.0,544275.0,875.0
113631,United States,2021-03-24,30065493.0,86776.0,545785.0,1510.0
113632,United States,2021-03-25,30133349.0,67856.0,547185.0,1400.0
113633,United States,2021-03-26,30210812.0,77463.0,548336.0,1151.0
113634,United States,2021-03-27,30274640.0,63828.0,549132.0,796.0
113635,United States,2021-03-28,30318271.0,43631.0,549657.0,525.0
113636,United States,2021-03-29,30386602.0,68331.0,550361.0,704.0
113637,United States,2021-03-30,30447816.0,61214.0,551244.0,883.0
113638,United States,2021-03-31,30514649.0,66833.0,552322.0,1078.0
113639,United States,2021-04-01,30593808.0,79159.0,553399.0,1077.0
113640,United States,2021-04-02,30664714.0,70906.0,554354.0,955.0
113641,United States,2021-04-03,30728468.0,63754.0,555105.0,751.0
113642,United States,2021-04-04,30764639.0,36171.0,555402.0,297.0
113643,United States,2021-04-05,30839479.0,74840.0,555907.0,505.0
113644,United States,2021-04-06,30900369.0,60890.0,556767.0,860.0
113645,United States,2021-04-07,30975373.0,75004.0,559361.0,2594.0
113646,United States,2021-04-08,31055483.0,80110.0,560389.0,1028.0
113647,United States,2021-04-09,31139673.0,84190.0,561280.0,891.0
113648,United States,2021-04-10,31208321.0,68648.0,561992.0,712.0
113649,United States,2021-04-11,31254390.0,46069.0,562297.0,305.0
113650,United States,2021-04-12,31322635.0,68245.0,562771.0,474.0
113651,United States,2021-04-13,31400687.0,78052.0,563602.0,831.0
113652,United States,2021-04-14,31476306.0,75619.0,564558.0,956.0
113653,United States,2021-04-15,31550278.0,73972.0,565464.0,906.0
113654,United States,2021-04-16,31630509.0,80231.0,566343.0,879.0
113655,United States,2021-04-17,31683852.0,53343.0,567044.0,701.0
113656,United States,2021-04-18,31726423.0,42571.0,567383.0,339.0
113657,United States,2021-04-19,31793573.0,67150.0,567880.0,497.0
113658,United States,2021-04-20,31854325.0,60752.0,568723.0,843.0
113659,United States,2021-04-21,31918116.0,63791.0,569583.0,860.0
113660,United States,2021-04-22,31984598.0,66482.0,570551.0,968.0
113661,United States,2021-04-23,32047681.0,63083.0,571329.0,778.0
113662,United States,2021-04-24,32101318.0,53637.0,572080.0,751.0
113663,United States,2021-04-25,32134298.0,32980.0,572373.0,293.0
113664,United States,2021-04-26,32180769.0,46471.0,572863.0,490.0
113665,United States,2021-04-27,32231219.0,50450.0,573517.0,654.0
113666,United States,2021-04-28,32286476.0,55257.0,574485.0,968.0
113667,United States,2021-04-29,32344973.0,58497.0,575362.0,877.0
113668,United States,2021-04-30,32403063.0,58090.0,576112.0,750.0
113669,United States,2021-05-01,32449295.0,46232.0,576828.0,716.0
113670,United States,2021-05-02,32479041.0,29746.0,577168.0,340.0
113671,United States,2021-05-03,32528579.0,49538.0,577668.0,500.0
113672,United States,2021-05-04,32568664.0,40085.0,578544.0,876.0
113673,United States,2021-05-05,32613888.0,45224.0,579339.0,795.0
113674,United States,2021-05-06,32661667.0,47779.0,580137.0,798.0
113675,United States,2021-05-07,32709281.0,47614.0,580896.0,759.0
113676,United States,2021-05-08,32743523.0,34242.0,581527.0,631.0
113677,United States,2021-05-09,32765392.0,21869.0,581776.0,249.0
113678,United States,2021-05-10,32801204.0,35812.0,582188.0,412.0
113679,United States,2021-05-11,32834797.0,33593.0,582876.0,688.0
113680,United States,2021-05-12,32870710.0,35913.0,583645.0,769.0
113681,United States,2021-05-13,32909649.0,38939.0,584412.0,767.0
113682,United States,2021-05-14,32951261.0,41612.0,585069.0,657.0
113683,United States,2021-05-15,32980606.0,29345.0,585569.0,500.0
113684,United States,2021-05-16,32997832.0,17226.0,585846.0,277.0
113685,United States,2021-05-17,33026204.0,28372.0,586242.0,396.0
113686,United States,2021-05-18,33053623.0,27419.0,587013.0,771.0
113687,United States,2021-05-19,33082902.0,29279.0,587690.0,677.0
113688,United States,2021-05-20,33113076.0,30174.0,588368.0,678.0
113689,United States,2021-05-21,33141243.0,28167.0,588984.0,616.0
113690,United States,2021-05-22,33161679.0,20436.0,589482.0,498.0
113691,United States,2021-05-23,33174995.0,13316.0,589680.0,198.0
113692,United States,2021-05-24,33199992.0,24997.0,590126.0,446.0
113693,United States,2021-05-25,33222629.0,22637.0,590761.0,635.0
113694,United States,2021-05-26,33246992.0,24363.0,591740.0,979.0
113695,United States,2021-05-27,33274334.0,27342.0,593102.0,1362.0
113696,United States,2021-05-28,33296071.0,21737.0,593665.0,563.0
113697,United States,2021-05-29,33308539.0,12468.0,593998.0,333.0
113698,United States,2021-05-30,33315465.0,6926.0,594133.0,135.0
113699,United States,2021-05-31,33321372.0,5907.0,594286.0,153.0
113700,United States,2021-06-01,33343490.0,22118.0,594937.0,651.0
113701,United States,2021-06-02,33360416.0,16926.0,595496.0,559.0
113702,United States,2021-06-03,33379606.0,19190.0,596115.0,619.0
113703,United States,2021-06-04,33396517.0,16911.0,596642.0,527.0
113704,United States,2021-06-05,33410852.0,14335.0,597027.0,385.0
113705,United States,2021-06-06,33416525.0,5673.0,597199.0,172.0
113706,United States,2021-06-07,33431633.0,15108.0,597517.0,318.0
113707,United States,2021-06-08,33444466.0,12833.0,597859.0,342.0
113708,United States,2021-06-09,33463369.0,18903.0,598310.0,451.0
113709,United States,2021-06-10,33477792.0,14423.0,598743.0,433.0
113710,United States,2021-06-11,33502528.0,24736.0,599394.0,651.0
113711,United States,2021-06-12,33511216.0,8688.0,599688.0,294.0
113712,United States,2021-06-13,33516373.0,5157.0,599802.0,114.0
113713,United States,2021-06-14,33528735.0,12362.0,599983.0,181.0
113714,United States,2021-06-15,33539570.0,10835.0,600304.0,321.0
113715,United States,2021-06-16,33552124.0,12554.0,600681.0,377.0
113716,United States,2021-06-17,33562740.0,10616.0,600967.0,286.0
113717,United States,2021-06-18,33583939.0,21199.0,601567.0,600.0
113718,United States,2021-06-19,33592432.0,8493.0,601740.0,173.0
113719,United States,2021-06-20,33596885.0,4453.0,601829.0,89.0
113720,United States,2021-06-21,33608559.0,11674.0,602107.0,278.0
113721,United States,2021-06-22,33619290.0,10731.0,602435.0,328.0
113722,United States,2021-06-23,33632288.0,12998.0,602816.0,381.0
113723,United States,2021-06-24,33646062.0,13774.0,603161.0,345.0
113724,United States,2021-06-25,33670327.0,24265.0,603660.0,499.0
113725,United States,2021-06-26,33678973.0,8646.0,603811.0,151.0
113726,United States,2021-06-27,33683224.0,4251.0,603889.0,78.0
113727,United States,2021-06-28,33697806.0,14582.0,604044.0,155.0
113728,United States,2021-06-29,33704497.0,6691.0,604362.0,318.0
113729,United States,2021-06-30,33720750.0,16253.0,604613.0,251.0
113730,United States,2021-07-01,33735189.0,14439.0,604923.0,310.0
113731,United States,2021-07-02,33764611.0,29422.0,605399.0,476.0
113732,United States,2021-07-03,33769237.0,4626.0,605481.0,82.0
113733,United States,2021-07-04,33772994.0,3757.0,605518.0,37.0
113734,United States,2021-07-05,33781622.0,8628.0,605569.0,51.0
113735,United States,2021-07-06,33804663.0,23041.0,605910.0,341.0
113736,United States,2021-07-07,33827617.0,22954.0,606205.0,295.0
113737,United States,2021-07-08,33846738.0,19121.0,606465.0,260.0
113738,United States,2021-07-09,33894368.0,47630.0,606972.0,507.0
113739,United States,2021-07-10,33902667.0,8299.0,607112.0,140.0
113740,United States,2021-07-11,33913461.0,10794.0,607143.0,31.0
113741,United States,2021-07-12,33947109.0,33648.0,607389.0,246.0
113742,United States,2021-07-13,33973346.0,26237.0,607747.0,358.0
113743,United States,2021-07-14,34006087.0,32741.0,608082.0,335.0
113744,United States,2021-07-15,34036070.0,29983.0,608368.0,286.0
113745,United States,2021-07-16,34113961.0,77891.0,608764.0,396.0
113746,United States,2021-07-17,34125680.0,11719.0,608838.0,74.0
113747,United States,2021-07-18,34144922.0,19242.0,608979.0,141.0
113748,United States,2021-07-19,34196002.0,51080.0,609197.0,218.0
113749,United States,2021-07-20,34237763.0,41761.0,609491.0,294.0
113750,United States,2021-07-21,34288154.0,50391.0,609831.0,340.0
113751,United States,2021-07-22,34342888.0,54734.0,610163.0,332.0
113752,United States,2021-07-23,34463275.0,120387.0,610694.0,531.0
113753,United States,2021-07-24,34488290.0,25015.0,610815.0,121.0
113754,United States,2021-07-25,34512403.0,24113.0,610861.0,46.0
113755,United States,2021-07-26,34599358.0,86955.0,611139.0,278.0
113756,United States,2021-07-27,34667773.0,68415.0,611583.0,444.0
113757,United States,2021-07-28,34736859.0,69086.0,611974.0,391.0
113758,United States,2021-07-29,34816385.0,79526.0,612301.0,327.0
113759,United States,2021-07-30,35005526.0,189141.0,613197.0,896.0
113760,United States,2021-07-31,35037820.0,32294.0,613352.0,155.0
113761,United States,2021-08-01,35079270.0,41450.0,613430.0,78.0
113762,United States,2021-08-02,35199992.0,120722.0,613891.0,461.0
113763,United States,2021-08-03,35302745.0,102753.0,614481.0,590.0
113764,United States,2021-08-04,35399589.0,96844.0,614979.0,498.0
113765,United States,2021-08-05,35510253.0,110664.0,615523.0,544.0
113766,United States,2021-08-06,35765333.0,255080.0,616680.0,1157.0
113767,United States,2021-08-07,35814080.0,48747.0,616912.0,232.0
113768,United States,2021-08-08,35840643.0,26563.0,617040.0,128.0
113769,United States,2021-08-09,36021861.0,181218.0,617550.0,510.0
113770,United States,2021-08-10,36142830.0,120969.0,618832.0,1282.0
113771,United States,2021-08-11,36298871.0,156041.0,619191.0,359.0
113772,United States,2021-08-12,36440845.0,141974.0,620183.0,992.0
113773,United States,2021-08-13,36670603.0,229758.0,621257.0,1074.0
113774,United States,2021-08-14,36719501.0,48898.0,621512.0,255.0
113775,United States,2021-08-15,36761227.0,41726.0,621695.0,183.0
113776,United States,2021-08-16,36981293.0,220066.0,622765.0,1070.0
113777,United States,2021-08-17,37133422.0,152129.0,623764.0,999.0
113778,United States,2021-08-18,37292061.0,158639.0,624946.0,1182.0
113779,United States,2021-08-19,37449136.0,157075.0,626681.0,1735.0
113780,United States,2021-08-20,37694761.0,245625.0,628174.0,1493.0
113781,United States,2021-08-21,37760694.0,65933.0,628698.0,524.0
113782,United States,2021-08-22,37796662.0,35968.0,628894.0,196.0
113783,United States,2021-08-23,38034692.0,238030.0,630287.0,1393.0
113784,United States,2021-08-24,38191388.0,156696.0,631701.0,1414.0
113785,United States,2021-08-25,38361088.0,169700.0,633201.0,1500.0
113786,United States,2021-08-26,38545544.0,184456.0,635422.0,2221.0
113787,United States,2021-08-27,38788554.0,243010.0,637155.0,1733.0
113788,United States,2021-08-28,38849165.0,60611.0,637720.0,565.0
113789,United States,2021-08-29,38891284.0,42119.0,638029.0,309.0
113790,United States,2021-08-30,39151244.0,259960.0,639809.0,1780.0
113791,United States,2021-08-31,39322091.0,170847.0,641180.0,1371.0
113792,United States,2021-09-01,39524058.0,201967.0,643203.0,2023.0
113793,United States,2021-09-02,39699880.0,175822.0,646168.0,2965.0
113794,United States,2021-09-03,39934726.0,234846.0,648102.0,1934.0
113795,United States,2021-09-04,39999165.0,64439.0,648663.0,561.0
113796,United States,2021-09-05,40039349.0,40184.0,649056.0,393.0
113797,United States,2021-09-06,40114529.0,75180.0,649605.0,549.0
113798,United States,2021-09-07,40391555.0,277026.0,651727.0,2122.0
113799,United States,2021-09-08,40573720.0,182165.0,653906.0,2179.0
113800,United States,2021-09-09,40733522.0,159802.0,657159.0,3253.0
113801,United States,2021-09-10,40961241.0,227719.0,659506.0,2347.0
113802,United States,2021-09-11,41025489.0,64248.0,660237.0,731.0
113803,United States,2021-09-12,41061346.0,35857.0,660539.0,302.0
113804,United States,2021-09-13,41322074.0,260728.0,662720.0,2181.0
113805,United States,2021-09-14,41466962.0,144888.0,664478.0,1758.0
113806,United States,2021-09-15,41638204.0,171242.0,667173.0,2695.0
113807,United States,2021-09-16,41793113.0,154909.0,670597.0,3424.0
113808,United States,2021-09-17,42001101.0,207988.0,672969.0,2372.0
113809,United States,2021-09-18,42057811.0,56710.0,673810.0,841.0
113810,United States,2021-09-19,42094169.0,36358.0,674121.0,311.0
113811,United States,2021-09-20,42295952.0,201783.0,676425.0,2304.0
113812,United States,2021-09-21,42417124.0,121172.0,678631.0,2206.0
113813,United States,2021-09-22,42549513.0,132389.0,681416.0,2785.0
113814,United States,2021-09-23,42675416.0,125903.0,684573.0,3157.0
113815,United States,2021-09-24,42852871.0,177455.0,687084.0,2511.0
113816,United States,2021-09-25,42900402.0,47531.0,687746.0,662.0
113817,United States,2021-09-26,42931354.0,30952.0,688032.0,286.0
